{
	"format_version": "1.8.0",
	"animations": {
		"oooh": {
			"loop": true,
			"animation_length": 1.2917,
			"bones": {
				"hat": {
					"rotation": {
						"0.0": [0, 0, 0],
						"0.125": [0, 15, 0],
						"0.25": [0, 30, 0],
						"0.375": [0, 45, 0],
						"0.5": [0, 60, 0],
						"0.625": [0, 75, 0],
						"0.75": [0, 90, 0]
					},
					"position": {
						"0.0": [0, 0, 0],
						"0.125": [0, 1, 0],
						"0.25": [0, 2, 0],
						"0.375": [0, 3, 0],
						"0.5": [0, 4, 0],
						"0.625": [0, 5, 0],
						"0.75": [0, 4, 0],
						"0.875": [0, 3, 0],
						"1.0": [0, 2, 0],
						"1.125": [0, 1, 0],
						"1.25": [0, 0, 0]
					}
				}
			}
		},
		"sit": {
			"loop": true,
			"animation_length": 0.3333,
			"bones": {
				"rockeatergnome": {
					"position": {
						"0.0": [0, 0, 0],
						"0.125": [0, -1, 1],
						"0.1667": [0, -2, 2],
						"0.2083": [0, -3, 3],
						"0.25": [0, -4, 4],
						"0.2917": [0, -6, 4]
					}
				},
				"hat": {
					"position": {
						"0.0": [0, 0, 0],
						"0.0417": [0, -1, 1]
					}
				},
				"head_phys": {
					"position": {
						"0.0": [0, 0, 0],
						"0.0417": [0, -1, 1]
					}
				},
				"torso": {
					"position": {
						"0.0": [0, 0, 0],
						"0.0417": [0, -1, 1]
					}
				},
				"right_leg": {
					"rotation": {
						"0.0": [0, 0, 0],
						"0.0417": [-15, 0, 0],
						"0.0833": [-30, 0, 0],
						"0.125": [-45, 0, 0],
						"0.2083": [-60, 0, 0],
						"0.25": [-75, 0, 0]
					},
					"position": [0.175, 0, 0]
				},
				"left_leg": {
					"rotation": {
						"0.0": [0, 0, 0],
						"0.0417": [-15, 0, 0],
						"0.0833": [-30, 0, 0],
						"0.125": [-45, 0, 0],
						"0.2083": [-60, 0, 0],
						"0.25": [-75, 0, 0]
					},
					"position": [-0.175, 0, 0]
				},
				"right_arm": {
					"position": {
						"0.0": [0, 0, 0],
						"0.0417": [0, -1, 1]
					}
				},
				"left_arm": {
					"position": {
						"0.0": [0, 0, 0],
						"0.0417": [0, -1, 1]
					}
				}
			}
		},
		"idle": {
			"animation_length": 1.25,
			"bones": {
				"left_arm": {
					"rotation": {
						"0.0": [0, 0, 0],
						"0.25": [-237.5, 0, 0],
						"0.5": [-231.23521, -30.89218, -22.40559],
						"0.75": [-256.23521, -30.89218, -22.40559],
						"0.7917": [-216.23521, -30.89218, -22.40559],
						"0.8333": [-243.73521, -30.89218, -22.40559],
						"0.875": [-223.73521, -30.89218, -22.40559],
						"0.9167": [-231.67777, -0.68591, 0],
						"1.125": [0, 0, 0]
					}
				}
			}
		},
		"idle2": {
			"loop": true
		},
		"panic": {
			"animation_length": 0.5417,
			"bones": {
				"rockeatergnome": {
					"position": {
						"0.0": [0, 0, 0],
						"0.0417": [0, 2, 0],
						"0.0833": [0, 4, 0],
						"0.125": [0, 6, 0],
						"0.1667": [0, 8, 0],
						"0.2083": [0, 6, 0],
						"0.25": [0, 8, 0],
						"0.2917": [0, 0, 0]
					}
				},
				"hat": {
					"position": {
						"0.0": [0, 0, 0],
						"0.1667": [0, 2, 0],
						"0.2083": [0, 4, 0],
						"0.25": [0, 6, 0],
						"0.2917": [0, 8, 0],
						"0.3333": [0, 6, 0],
						"0.375": [0, 4, 0],
						"0.4167": [0, 2, 0],
						"0.4583": [0, 0, 0]
					}
				},
				"right_arm": {
					"rotation": {
						"0.0": [0, 0, 0],
						"0.2917": [-60, 0, 0],
						"0.3333": [-90, 0, 0],
						"0.375": [-105, 0, 0],
						"0.4167": [-152.5, 0, 0]
					}
				},
				"left_arm": {
					"rotation": {
						"0.0": [0, 0, 0],
						"0.2917": [-75, 0, 0],
						"0.3333": [-105, 0, 0],
						"0.375": [-135, 0, 0],
						"0.4167": [-195, 0, 0]
					}
				}
			}
		},
		"walk": {
			"loop": true,
			"animation_length": 0.25,
			"bones": {
				"right_leg": {
					"rotation": {
						"0.0": [0, 0, 0],
						"0.0833": [-37.5, 0, 0],
						"0.1667": [37.5, 0, 0]
					}
				},
				"left_leg": {
					"rotation": {
						"0.0": [0, 0, 0],
						"0.0833": [37.5, 0, 0],
						"0.1667": [-37.5, 0, 0]
					}
				},
				"right_arm": {
					"rotation": {
						"0.0": [0, 0, 0],
						"0.0833": [55, 0, 0],
						"0.1667": [-50, 0, 0]
					}
				},
				"left_arm": {
					"rotation": {
						"0.0": [0, 0, 0],
						"0.0833": [-65, 0, 0],
						"0.1667": [47.5, 0, 0]
					}
				}
			}
		},
		"sprint": {
			"loop": true,
			"animation_length": 0.25,
			"bones": {
				"right_leg": {
					"rotation": {
						"0.0": [0, 0, 0],
						"0.0833": [-37.5, 0, 0],
						"0.1667": [37.5, 0, 0]
					}
				},
				"left_leg": {
					"rotation": {
						"0.0": [0, 0, 0],
						"0.0833": [37.5, 0, 0],
						"0.1667": [-37.5, 0, 0]
					}
				},
				"right_arm": {
					"rotation": [152.5, 0, 0]
				},
				"left_arm": {
					"rotation": [-157.5, 0, 0]
				},
				"rockeatergnome": {
					"rotation": {
						"0.0": [0, 0, 0],
						"0.0833": [0, 0, 5],
						"0.1667": [0, 0, 0]
					}
				}
			}
		}
	}
}